what,kind,bundleId,bundleVersion,description,time
activated,workbench,org.eclipse.ui.workbench,3.7.1.v20120104-1859,"",1378440776885
deactivated,workbench,org.eclipse.ui.workbench,3.7.1.v20120104-1859,"",1378440777364
activated,workbench,org.eclipse.ui.workbench,3.7.1.v20120104-1859,"",1378440796860
started,bundle,org.eclipse.equinox.frameworkadmin.equinox,1.0.300.v20110815-1438,"org.eclipse.equinox.frameworkadmin.equinox",1378440796919
deactivated,workbench,org.eclipse.ui.workbench,3.7.1.v20120104-1859,"",1378440807035
activated,workbench,org.eclipse.ui.workbench,3.7.1.v20120104-1859,"",1378440810476
closed,workbench,org.eclipse.ui.workbench,3.7.1.v20120104-1859,"",1378440810835
started,bundle,org.eclipse.compare,3.5.202.R37x_v20111109-0800,"org.eclipse.compare",1378440811296
stopped,bundle,overlay.com.android.ide.eclipse.adt.overlay,22.0.1.v201305230001--685705,"overlay.com.android.ide.eclipse.adt.overlay",1378440811789
stopped,bundle,com.android.ide.eclipse.adt,22.0.1.v201305230001--685705,"com.android.ide.eclipse.adt",1378440811820
stopped,bundle,org.eclipse.ui.cheatsheets,3.4.100.v20110425,"org.eclipse.ui.cheatsheets",1378440811820
stopped,bundle,org.eclipse.help.ui,3.5.101.r37_20110819,"org.eclipse.help.ui",1378440811821
stopped,bundle,org.eclipse.epp.mpc.ui,1.1.1.I20110907-0947,"org.eclipse.epp.mpc.ui",1378440811821
stopped,bundle,org.eclipse.epp.usagedata.ui,1.3.1.R201106061540,"org.eclipse.epp.usagedata.ui",1378440811822
stopped,bundle,org.eclipse.ui.intro.universal,3.2.500.v20110510,"org.eclipse.ui.intro.universal",1378440811822
stopped,bundle,org.eclipse.ui.intro,3.4.100.v20110425,"org.eclipse.ui.intro",1378440811823
stopped,bundle,org.eclipse.help.webapp,3.6.1.r37_20110929,"org.eclipse.help.webapp",1378440811824
stopped,bundle,org.eclipse.help.base,3.6.2.v201202080800,"org.eclipse.help.base",1378440811824
stopped,bundle,org.eclipse.equinox.http.jetty,2.0.100.v20110502,"org.eclipse.equinox.http.jetty",1378440811824
stopped,bundle,org.eclipse.m2e.discovery,1.0.200.20111228-1245,"org.eclipse.m2e.discovery",1378440811826
stopped,bundle,org.eclipse.m2e.refactoring,1.0.200.20111228-1245,"org.eclipse.m2e.refactoring",1378440811827
stopped,bundle,org.eclipse.m2e.editor,1.0.200.20111228-1245,"org.eclipse.m2e.editor",1378440811827
stopped,bundle,org.eclipse.m2e.editor.xml,1.0.200.20111228-1245,"org.eclipse.m2e.editor.xml",1378440811829
stopped,bundle,org.eclipse.m2e.jdt,1.0.200.20111228-1245,"org.eclipse.m2e.jdt",1378440811829
stopped,bundle,org.eclipse.m2e.launching,1.0.200.20111228-1245,"org.eclipse.m2e.launching",1378440811829
stopped,bundle,org.eclipse.m2e.usagedata,1.0.200.20111228-1245,"org.eclipse.m2e.usagedata",1378440811834
stopped,bundle,org.eclipse.m2e.logback.configuration,1.0.200.20111228-1245,"org.eclipse.m2e.logback.configuration",1378440811836
stopped,bundle,org.eclipse.m2e.core.ui,1.0.200.20111228-1245,"org.eclipse.m2e.core.ui",1378440811836
stopped,bundle,org.eclipse.m2e.core,1.0.200.20111228-1245,"org.eclipse.m2e.core",1378440811836
stopped,bundle,org.eclipse.egit.mylyn.ui,1.3.0.201202151440-r,"org.eclipse.egit.mylyn.ui",1378440811836
stopped,bundle,org.eclipse.mylyn.bugzilla.ui,3.7.1.v20120425-0100,"org.eclipse.mylyn.bugzilla.ui",1378440811836
stopped,bundle,org.eclipse.mylyn.context.tasks.ui,3.7.1.v20120425-0100,"org.eclipse.mylyn.context.tasks.ui",1378440811836
stopped,bundle,org.eclipse.mylyn.help.ui,3.7.1.v20120425-0100,"org.eclipse.mylyn.help.ui",1378440811836
stopped,bundle,org.eclipse.mylyn.java.tasks,3.7.1.v20120425-0100,"org.eclipse.mylyn.java.tasks",1378440811836
stopped,bundle,org.eclipse.mylyn.tasks.bugs,3.7.1.v20120425-0100,"org.eclipse.mylyn.tasks.bugs",1378440811837
stopped,bundle,org.eclipse.mylyn.team.ui,3.7.1.v20120425-0100,"org.eclipse.mylyn.team.ui",1378440811839
stopped,bundle,org.eclipse.mylyn.wikitext.tasks.ui,1.6.1.v20120425-0100,"org.eclipse.mylyn.wikitext.tasks.ui",1378440811840
stopped,bundle,org.eclipse.mylyn.tasks.ui,3.7.1.v20120425-0100,"org.eclipse.mylyn.tasks.ui",1378440811840
stopped,bundle,org.eclipse.mylyn.commons.notifications.feed,0.9.1.v20120425-0100,"org.eclipse.mylyn.commons.notifications.feed",1378440811841
stopped,bundle,org.eclipse.equinox.jsp.jasper.registry,1.0.200.v20100503,"org.eclipse.equinox.jsp.jasper.registry",1378440811841
stopped,bundle,org.eclipse.equinox.jsp.jasper,1.0.300.v20110502,"org.eclipse.equinox.jsp.jasper",1378440811841
stopped,bundle,org.eclipse.equinox.http.servlet,1.1.200.v20110502,"org.eclipse.equinox.http.servlet",1378440811842
stopped,bundle,org.eclipse.compare.win32,1.0.200.I20110510-0800,"org.eclipse.compare.win32",1378440811842
stopped,bundle,org.eclipse.egit.ui,1.3.0.201202151440-r,"org.eclipse.egit.ui",1378440811848
stopped,bundle,org.eclipse.egit.core,1.3.0.201202151440-r,"org.eclipse.egit.core",1378440811850
stopped,bundle,org.eclipse.equinox.p2.ui.sdk,1.0.200.v20110815-1419,"org.eclipse.equinox.p2.ui.sdk",1378440811852
stopped,bundle,org.eclipse.mylyn.ide.ant,3.7.1.v20120425-0100,"org.eclipse.mylyn.ide.ant",1378440811852
stopped,bundle,org.eclipse.ant.ui,3.5.101.v20120110-1739,"org.eclipse.ant.ui",1378440811853
stopped,bundle,org.eclipse.mylyn.java.ui,3.7.1.v20120425-0100,"org.eclipse.mylyn.java.ui",1378440811853
stopped,bundle,org.eclipse.jdt.junit,3.7.0.v20110928-1453,"org.eclipse.jdt.junit",1378440811853
stopped,bundle,org.eclipse.jdt.apt.ui,3.3.300.v20110305-1450,"org.eclipse.jdt.apt.ui",1378440811854
stopped,bundle,org.eclipse.jdt.debug.ui,3.6.1.v20111006_r372,"org.eclipse.jdt.debug.ui",1378440811855
stopped,bundle,org.eclipse.wb.swing.databinding,1.3.0.r37x201202021417,"org.eclipse.wb.swing.databinding",1378440811855
stopped,bundle,org.eclipse.wb.core.databinding,1.3.0.r37x201202052311,"org.eclipse.wb.core.databinding",1378440811855
stopped,bundle,org.eclipse.wb.swing.FormLayout,1.3.0.r37x201202021417,"org.eclipse.wb.swing.FormLayout",1378440811855
stopped,bundle,org.eclipse.wb.swing.MigLayout,1.3.0.r37x201202021417,"org.eclipse.wb.swing.MigLayout",1378440811856
stopped,bundle,org.eclipse.wb.swing.java6,1.3.0.r37x201202021417,"org.eclipse.wb.swing.java6",1378440811857
stopped,bundle,org.eclipse.wb.swing.jsr296,1.3.0.r37x201202021417,"org.eclipse.wb.swing.jsr296",1378440811858
stopped,bundle,org.eclipse.wb.swing,1.3.0.r37x201202021417,"org.eclipse.wb.swing",1378440811858
stopped,bundle,org.eclipse.wb.core.ui,1.3.0.r37x201202052340,"org.eclipse.wb.core.ui",1378440811858
stopped,bundle,org.eclipse.wb.layout.group,1.3.0.r37x201202060028,"org.eclipse.wb.layout.group",1378440811859
stopped,bundle,org.eclipse.wb.os.win32,1.3.0.r37x201202052311,"org.eclipse.wb.os.win32",1378440811859
stopped,bundle,org.eclipse.wb.core,1.3.0.r37x201202052311,"org.eclipse.wb.core",1378440811859
stopped,bundle,org.eclipse.jdt.ui,3.7.2.v20120109-1427,"org.eclipse.jdt.ui",1378440811925
stopped,bundle,org.eclipse.wst.xsd.ui,1.2.404.v201105050216,"org.eclipse.wst.xsd.ui",1378440811926
stopped,bundle,org.eclipse.wst.dtd.ui,1.0.600.v201103171359,"org.eclipse.wst.dtd.ui",1378440811926
stopped,bundle,org.eclipse.wst.xml.ui,1.1.202.v201112071516,"org.eclipse.wst.xml.ui",1378440811926
stopped,bundle,org.eclipse.wst.common.ui,1.1.500.v200911190730,"org.eclipse.wst.common.ui",1378440811926
stopped,bundle,org.eclipse.wst.sse.ui,1.3.2.v201201041522,"org.eclipse.wst.sse.ui",1378440811927
stopped,bundle,org.eclipse.search,3.7.0.v20110928-1504,"org.eclipse.search",1378440811939
stopped,bundle,org.eclipse.mylyn.commons.team,0.9.1.v20120412-0100,"org.eclipse.mylyn.commons.team",1378440811939
stopped,bundle,org.eclipse.ui.navigator.resources,3.4.300.v20110928-1505,"org.eclipse.ui.navigator.resources",1378440811939
stopped,bundle,org.eclipse.ltk.ui.refactoring,3.6.0.v20110928-1453,"org.eclipse.ltk.ui.refactoring",1378440811940
stopped,bundle,org.eclipse.mylyn.ide.ui,3.7.1.v20120425-0100,"org.eclipse.mylyn.ide.ui",1378440811940
stopped,bundle,org.eclipse.mylyn.resources.ui,3.7.1.v20120425-0100,"org.eclipse.mylyn.resources.ui",1378440811940
stopped,bundle,org.eclipse.team.cvs.ui,3.3.401.v20120126-1227,"org.eclipse.team.cvs.ui",1378440811942
stopped,bundle,org.eclipse.team.ui,3.6.101.R37x_v20111109-0800,"org.eclipse.team.ui",1378440811943
stopped,bundle,org.eclipse.compare,3.5.202.R37x_v20111109-0800,"org.eclipse.compare",1378440811944
stopped,bundle,org.eclipse.wst.common.snippets,1.2.100.v201103281740,"org.eclipse.wst.common.snippets",1378440811944
stopped,bundle,org.eclipse.ui.externaltools,3.2.0.v20111007_r372,"org.eclipse.ui.externaltools",1378440811944
stopped,bundle,org.eclipse.debug.ui,3.7.102.v20111129-1423_r372,"org.eclipse.debug.ui",1378440811945
stopped,bundle,org.eclipse.mylyn.commons.notifications,0.9.1.v20120412-0100,"org.eclipse.mylyn.commons.notifications",1378440811945
stopped,bundle,org.eclipse.mylyn.commons.notifications.ui,0.9.1.v20120425-0100,"org.eclipse.mylyn.commons.notifications.ui",1378440811945
stopped,bundle,org.eclipse.mylyn.commons.repositories.ui,0.9.1.v20120425-0100,"org.eclipse.mylyn.commons.repositories.ui",1378440811945
stopped,bundle,org.eclipse.mylyn.context.ui,3.7.1.v20120425-0100,"org.eclipse.mylyn.context.ui",1378440811946
stopped,bundle,org.eclipse.mylyn.commons.workbench,3.7.1.v20120425-0100,"org.eclipse.mylyn.commons.workbench",1378440811946
stopped,bundle,org.eclipse.mylyn.commons.ui,3.7.1.v20120425-0100,"org.eclipse.mylyn.commons.ui",1378440811946
stopped,bundle,org.eclipse.mylyn.wikitext.ui,1.6.1.v20120425-0100,"org.eclipse.mylyn.wikitext.ui",1378440811946
stopped,bundle,com.android.ide.eclipse.gldebugger,22.0.1.v201305230001--685705,"com.android.ide.eclipse.gldebugger",1378440811947
stopped,bundle,com.android.ide.eclipse.hierarchyviewer,22.0.1.v201305230001--685705,"com.android.ide.eclipse.hierarchyviewer",1378440811947
stopped,bundle,com.android.ide.eclipse.traceview,22.0.1.v201305230001--685705,"com.android.ide.eclipse.traceview",1378440811947
stopped,bundle,com.android.ide.eclipse.ddms,22.0.1.v201305230001--685705,"com.android.ide.eclipse.ddms",1378440811953
stopped,bundle,org.eclipse.ui.console,3.5.100.v20111007_r372,"org.eclipse.ui.console",1378440811955
stopped,bundle,org.eclipse.ui.editors,3.7.0.v20110928-1504,"org.eclipse.ui.editors",1378440811955
stopped,bundle,org.eclipse.ui.workbench.texteditor,3.7.0.v20110928-1504,"org.eclipse.ui.workbench.texteditor",1378440811955
stopped,bundle,org.eclipse.compare.core,3.5.200.I20110208-0800,"org.eclipse.compare.core",1378440811956
stopped,bundle,org.eclipse.ui.views.log,1.0.200.v20110404,"org.eclipse.ui.views.log",1378440811956
stopped,bundle,org.eclipse.wst.validation.ui,1.2.300.v201201050300,"org.eclipse.wst.validation.ui",1378440811956
stopped,bundle,org.eclipse.wst.common.frameworks.ui,1.2.100.v201105122000,"org.eclipse.wst.common.frameworks.ui",1378440811956
stopped,bundle,org.eclipse.wst.common.modulecore.ui,1.0.102.v201201262000,"org.eclipse.wst.common.modulecore.ui",1378440811957
stopped,bundle,org.eclipse.emf.edit.ui,2.7.0.v20120130-0943,"org.eclipse.emf.edit.ui",1378440811958
stopped,bundle,org.eclipse.emf.common.ui,2.7.0.v20120130-0943,"org.eclipse.emf.common.ui",1378440811958
stopped,bundle,org.eclipse.ui.ide,3.7.0.v20110928-1505,"org.eclipse.ui.ide",1378440811960
stopped,bundle,org.eclipse.gef,3.7.2.v20111106-2020,"org.eclipse.gef",1378440811960
stopped,bundle,org.eclipse.ui.views.properties.tabbed,3.5.200.v20110928-1505,"org.eclipse.ui.views.properties.tabbed",1378440811960
stopped,bundle,org.eclipse.ui.views,3.6.0.v20110928-1505,"org.eclipse.ui.views",1378440811960
activated,perspective,org.eclipse.jdt.ui,,"org.eclipse.jdt.ui.JavaPerspective",1378440851878
started,bundle,org.eclipse.osgi,3.7.2.v20120110-1415,"org.eclipse.osgi",1378440851886
started,bundle,org.eclipse.compare.core,3.5.200.I20110208-0800,"org.eclipse.compare.core",1378440851887
started,bundle,org.eclipse.core.contenttype,3.4.100.v20110423-0524,"org.eclipse.core.contenttype",1378440851887
started,bundle,org.eclipse.core.databinding.observable,1.4.0.I20110222-0800,"org.eclipse.core.databinding.observable",1378440851904
started,bundle,org.eclipse.core.expressions,3.4.300.v20110228,"org.eclipse.core.expressions",1378440851904
started,bundle,org.eclipse.core.filesystem,1.3.100.v20110423-0524,"org.eclipse.core.filesystem",1378440851905
started,bundle,org.eclipse.core.net,1.2.100.I20110511-0800,"org.eclipse.core.net",1378440851905
started,bundle,org.eclipse.core.runtime,3.7.0.v20110110,"org.eclipse.core.runtime",1378440851905
started,bundle,org.eclipse.core.runtime.compatibility,3.2.100.v20100505,"org.eclipse.core.runtime.compatibility",1378440851906
started,bundle,org.eclipse.core.runtime.compatibility.auth,3.2.200.v20110110,"org.eclipse.core.runtime.compatibility.auth",1378440851908
started,bundle,org.eclipse.epp.mpc.ui,1.1.1.I20110907-0947,"org.eclipse.epp.mpc.ui",1378440851908
started,bundle,org.eclipse.epp.usagedata.gathering,1.3.1.R201106061540,"org.eclipse.epp.usagedata.gathering",1378440851911
started,bundle,org.eclipse.epp.usagedata.recording,1.3.1.R201106061540,"org.eclipse.epp.usagedata.recording",1378440851911
started,bundle,org.eclipse.equinox.app,1.3.100.v20110321,"org.eclipse.equinox.app",1378440851911
started,bundle,org.eclipse.equinox.common,3.6.0.v20110523,"org.eclipse.equinox.common",1378440851912
started,bundle,org.eclipse.equinox.ds,1.3.1.R37x_v20110701,"org.eclipse.equinox.ds",1378440851914
started,bundle,org.eclipse.equinox.event,1.2.100.v20110502,"org.eclipse.equinox.event",1378440851915
started,bundle,org.eclipse.equinox.registry,3.5.101.R37x_v20110810-1611,"org.eclipse.equinox.registry",1378440851916
started,bundle,org.eclipse.equinox.security,1.1.1.R37x_v20110822-1018,"org.eclipse.equinox.security",1378440851916
started,bundle,org.eclipse.equinox.util,1.0.300.v20110502,"org.eclipse.equinox.util",1378440851917
started,bundle,org.eclipse.help,3.5.100.v20110426,"org.eclipse.help",1378440851918
started,bundle,org.eclipse.jsch.core,1.1.300.I20110514-0800,"org.eclipse.jsch.core",1378440851918
started,bundle,org.eclipse.team.core,3.6.0.I20110525-0800,"org.eclipse.team.core",1378440851918
started,bundle,org.eclipse.team.cvs.core,3.3.400.I20110510-0800,"org.eclipse.team.cvs.core",1378440851918
started,bundle,org.eclipse.update.configurator,3.3.100.v20100512,"org.eclipse.update.configurator",1378440851920
started,bundle,org.eclipse.update.core,3.2.500.v20110330,"org.eclipse.update.core",1378440851948
started,bundle,org.eclipse.update.scheduler,3.2.300.v20100512,"org.eclipse.update.scheduler",1378440851959
started,bundle,org.eclipse.equinox.simpleconfigurator,1.0.200.v20110815-1438,"org.eclipse.equinox.simpleconfigurator",1378440851961
started,bundle,com.ibm.icu,4.4.2.v20110823,"com.ibm.icu",1378440851962
started,bundle,org.eclipse.core.filebuffers,3.5.200.v20110928-1504,"org.eclipse.core.filebuffers",1378440851962
started,bundle,org.eclipse.core.jobs,3.5.101.v20120113-1953,"org.eclipse.core.jobs",1378440851963
started,bundle,org.eclipse.core.resources,3.7.101.v20120125-1505,"org.eclipse.core.resources",1378440851963
started,bundle,org.eclipse.debug.core,3.7.1.v20111129-2031,"org.eclipse.debug.core",1378440851963
started,bundle,org.eclipse.egit.core,1.3.0.201202151440-r,"org.eclipse.egit.core",1378440851964
started,bundle,org.eclipse.egit.ui,1.3.0.201202151440-r,"org.eclipse.egit.ui",1378440851964
started,bundle,org.eclipse.equinox.p2.artifact.repository,1.1.101.v20110815-1419,"org.eclipse.equinox.p2.artifact.repository",1378440851964
started,bundle,org.eclipse.equinox.p2.core,2.1.1.v20120113-1346,"org.eclipse.equinox.p2.core",1378440851966
started,bundle,org.eclipse.equinox.p2.director,2.1.1.v20111126-0211,"org.eclipse.equinox.p2.director",1378440851967
started,bundle,org.eclipse.equinox.p2.directorywatcher,1.0.300.v20110815-1419,"org.eclipse.equinox.p2.directorywatcher",1378440851968
started,bundle,org.eclipse.equinox.p2.engine,2.1.1.R37x_v20111003,"org.eclipse.equinox.p2.engine",1378440851969
started,bundle,org.eclipse.equinox.p2.extensionlocation,1.2.100.v20110815-1419,"org.eclipse.equinox.p2.extensionlocation",1378440851969
started,bundle,org.eclipse.equinox.p2.metadata,2.1.0.v20110815-1419,"org.eclipse.equinox.p2.metadata",1378440851970
started,bundle,org.eclipse.equinox.p2.metadata.repository,1.2.0.v20110815-1419,"org.eclipse.equinox.p2.metadata.repository",1378440851970
started,bundle,org.eclipse.equinox.p2.operations,2.1.1.R37x_v20111111,"org.eclipse.equinox.p2.operations",1378440851971
started,bundle,org.eclipse.equinox.p2.publisher,1.2.0.v20110815-1419,"org.eclipse.equinox.p2.publisher",1378440851972
started,bundle,org.eclipse.equinox.p2.reconciler.dropins,1.1.100.v20110815-1419,"org.eclipse.equinox.p2.reconciler.dropins",1378440851972
started,bundle,org.eclipse.equinox.p2.repository,2.1.1.v20120113-1346,"org.eclipse.equinox.p2.repository",1378440851974
started,bundle,org.eclipse.equinox.p2.touchpoint.eclipse,2.1.1.v20110815-1419,"org.eclipse.equinox.p2.touchpoint.eclipse",1378440851974
started,bundle,org.eclipse.equinox.p2.ui.sdk.scheduler,1.0.100.v20110815-1419,"org.eclipse.equinox.p2.ui.sdk.scheduler",1378440851974
started,bundle,org.eclipse.equinox.p2.updatechecker,1.1.200.v20110815-1419,"org.eclipse.equinox.p2.updatechecker",1378440851975
started,bundle,org.eclipse.equinox.preferences,3.4.2.v20120111-2020,"org.eclipse.equinox.preferences",1378440851975
started,bundle,org.eclipse.jdt.core,3.7.3.v20120119-1537,"org.eclipse.jdt.core",1378440851976
started,bundle,org.eclipse.jdt.core.manipulation,1.4.0.v20110928-1453,"org.eclipse.jdt.core.manipulation",1378440851977
started,bundle,org.eclipse.jdt.launching,3.6.1.v20111006_r372,"org.eclipse.jdt.launching",1378440851977
started,bundle,org.eclipse.jdt.ui,3.7.2.v20120109-1427,"org.eclipse.jdt.ui",1378440851977
started,bundle,org.eclipse.jface,3.7.0.v20110928-1505,"org.eclipse.jface",1378440851979
started,bundle,org.eclipse.jgit,1.3.0.201202151440-r,"org.eclipse.jgit",1378440851979
started,bundle,org.eclipse.ltk.core.refactoring,3.5.201.r372_v20111101-0700,"org.eclipse.ltk.core.refactoring",1378440851979
started,bundle,org.eclipse.ltk.ui.refactoring,3.6.0.v20110928-1453,"org.eclipse.ltk.ui.refactoring",1378440851979
started,bundle,org.eclipse.m2e.logback.configuration,1.0.200.20111228-1245,"org.eclipse.m2e.logback.configuration",1378440851979
started,bundle,org.eclipse.mylyn.bugzilla.core,3.7.1.v20120425-0100,"org.eclipse.mylyn.bugzilla.core",1378440851979
started,bundle,org.eclipse.mylyn.bugzilla.ui,3.7.1.v20120425-0100,"org.eclipse.mylyn.bugzilla.ui",1378440851979
started,bundle,org.eclipse.mylyn.commons.core,3.7.1.v20120425-0100,"org.eclipse.mylyn.commons.core",1378440851979
started,bundle,org.eclipse.mylyn.commons.net,3.7.1.v20120425-0100,"org.eclipse.mylyn.commons.net",1378440851979
started,bundle,org.eclipse.mylyn.commons.notifications.core,0.9.1.v20120425-0100,"org.eclipse.mylyn.commons.notifications.core",1378440851981
started,bundle,org.eclipse.mylyn.commons.notifications.feed,0.9.1.v20120425-0100,"org.eclipse.mylyn.commons.notifications.feed",1378440851984
started,bundle,org.eclipse.mylyn.commons.notifications.ui,0.9.1.v20120425-0100,"org.eclipse.mylyn.commons.notifications.ui",1378440851984
started,bundle,org.eclipse.mylyn.commons.ui,3.7.1.v20120425-0100,"org.eclipse.mylyn.commons.ui",1378440851985
started,bundle,org.eclipse.mylyn.commons.workbench,3.7.1.v20120425-0100,"org.eclipse.mylyn.commons.workbench",1378440851985
started,bundle,org.eclipse.mylyn.context.core,3.7.1.v20120425-0100,"org.eclipse.mylyn.context.core",1378440851985
started,bundle,org.eclipse.mylyn.context.tasks.ui,3.7.1.v20120425-0100,"org.eclipse.mylyn.context.tasks.ui",1378440851985
started,bundle,org.eclipse.mylyn.monitor.ui,3.7.1.v20120425-0100,"org.eclipse.mylyn.monitor.ui",1378440851985
started,bundle,org.eclipse.mylyn.tasks.index.core,3.7.1.v20120425-0100,"org.eclipse.mylyn.tasks.index.core",1378440851987
started,bundle,org.eclipse.mylyn.tasks.ui,3.7.1.v20120425-0100,"org.eclipse.mylyn.tasks.ui",1378440851987
started,bundle,org.eclipse.mylyn.team.ui,3.7.1.v20120425-0100,"org.eclipse.mylyn.team.ui",1378440851987
started,bundle,org.eclipse.search,3.7.0.v20110928-1504,"org.eclipse.search",1378440851987
started,bundle,org.eclipse.team.cvs.ui,3.3.401.v20120126-1227,"org.eclipse.team.cvs.ui",1378440851987
started,bundle,org.eclipse.team.ui,3.6.101.R37x_v20111109-0800,"org.eclipse.team.ui",1378440851988
started,bundle,org.eclipse.ui,3.7.0.v20110928-1505,"org.eclipse.ui",1378440851988
started,bundle,org.eclipse.ui.console,3.5.100.v20111007_r372,"org.eclipse.ui.console",1378440851988
started,bundle,org.eclipse.ui.editors,3.7.0.v20110928-1504,"org.eclipse.ui.editors",1378440851988
started,bundle,org.eclipse.ui.forms,3.5.101.v20111011-1919,"org.eclipse.ui.forms",1378440851989
started,bundle,org.eclipse.ui.ide,3.7.0.v20110928-1505,"org.eclipse.ui.ide",1378440851989
started,bundle,org.eclipse.ui.net,1.2.100.v20111208-1155,"org.eclipse.ui.net",1378440851990
started,bundle,org.eclipse.ui.views,3.6.0.v20110928-1505,"org.eclipse.ui.views",1378440851990
started,bundle,org.eclipse.ui.workbench,3.7.1.v20120104-1859,"org.eclipse.ui.workbench",1378440851990
started,bundle,org.eclipse.ui.workbench.texteditor,3.7.0.v20110928-1504,"org.eclipse.ui.workbench.texteditor",1378440851990
started,bundle,org.eclipse.wb.core,1.3.0.r37x201202052311,"org.eclipse.wb.core",1378440851990
started,bundle,org.eclipse.wb.core.lib,1.3.0.r37x201202052311,"org.eclipse.wb.core.lib",1378440851991
started,bundle,org.eclipse.wb.discovery.core,1.3.0.r37x201202052340,"org.eclipse.wb.discovery.core",1378440851992
started,bundle,org.eclipse.wb.discovery.ui,1.3.0.r37x201202052340,"org.eclipse.wb.discovery.ui",1378440851993
started,bundle,com.android.ide.eclipse.adt,22.0.5.v201307292155--757759,"com.android.ide.eclipse.adt",1378440851993
started,bundle,com.android.ide.eclipse.base,22.0.5.v201307292155--757759,"com.android.ide.eclipse.base",1378440851993
started,bundle,com.android.ide.eclipse.ddms,22.0.5.v201307292155--757759,"com.android.ide.eclipse.ddms",1378440851993
os,sysinfo,,,"win32",1378440852000
arch,sysinfo,,,"x86_64",1378440852000
ws,sysinfo,,,"win32",1378440852000
locale,sysinfo,,,"en_US",1378440852000
processors,sysinfo,,,"2",1378440852000
java.runtime.name,sysinfo,,,"Java(TM) SE Runtime Environment",1378440852000
java.runtime.version,sysinfo,,,"1.7.0_25-b17",1378440852000
java.specification.name,sysinfo,,,"Java Platform API Specification",1378440852000
java.specification.vendor,sysinfo,,,"Oracle Corporation",1378440852000
java.specification.version,sysinfo,,,"1.7",1378440852000
java.vendor,sysinfo,,,"Oracle Corporation",1378440852000
java.version,sysinfo,,,"1.7.0_25",1378440852000
java.vm.info,sysinfo,,,"mixed mode",1378440852000
java.vm.name,sysinfo,,,"Java HotSpot(TM) 64-Bit Server VM",1378440852000
java.vm.specification.name,sysinfo,,,"Java Virtual Machine Specification",1378440852000
java.vm.specification.vendor,sysinfo,,,"Oracle Corporation",1378440852000
java.vm.specification.version,sysinfo,,,"1.7",1378440852000
java.vm.vendor,sysinfo,,,"Oracle Corporation",1378440852000
java.vm.version,sysinfo,,,"23.25-b01",1378440852000
started,bundle,org.eclipse.m2e.usagedata,1.0.200.20111228-1245,"org.eclipse.m2e.usagedata",1378440852006
error,log,,,"Problems occurred when invoking code from plug-in: ""org.eclipse.jdt.ui"".",1378440852096
error,log,,,"Error in JDT Core during AST creation",1378440852097
error,log,,,"Problems occurred when invoking code from plug-in: ""org.eclipse.ui.workbench"".",1378440852171
error,log,,,"Exception in Decorator. The 'Java Method Override Indicator' decorator will be disabled.",1378440852179
error,log,,,"URI has an authority component",1378440852180
started,bundle,com.android.ide.eclipse.traceview,22.0.5.v201307292155--757759,"com.android.ide.eclipse.traceview",1378440852467
opened,view,org.eclipse.ui.ide,3.7.0.v20110928-1505,"org.eclipse.ui.views.ProblemView",1378440854618
activated,workbench,org.eclipse.ui.workbench,3.7.1.v20120104-1859,"",1378440863580
started,bundle,org.eclipse.equinox.p2.ui.sdk,1.0.200.v20110815-1419,"org.eclipse.equinox.p2.ui.sdk",1378440867981
started,bundle,org.eclipse.equinox.p2.ui,2.1.1.v20120113-1346,"org.eclipse.equinox.p2.ui",1378440867987
started,bundle,org.eclipse.equinox.p2.transport.ecf,1.0.0.v20111128-0624,"org.eclipse.equinox.p2.transport.ecf",1378440868064
started,bundle,org.eclipse.ecf.filetransfer,5.0.0.v20110531-2218,"org.eclipse.ecf.filetransfer",1378440868075
started,bundle,org.eclipse.ecf.identity,3.1.100.v20110531-2218,"org.eclipse.ecf.identity",1378440868110
started,bundle,org.eclipse.ecf,3.1.300.v20110531-2218,"org.eclipse.ecf",1378440868164
started,bundle,org.eclipse.ecf.provider.filetransfer.httpclient,4.0.0.v20110531-2218,"org.eclipse.ecf.provider.filetransfer.httpclient",1378440868187
started,bundle,org.eclipse.ecf.provider.filetransfer,3.2.0.v20110531-2218,"org.eclipse.ecf.provider.filetransfer",1378440868199
deactivated,workbench,org.eclipse.ui.workbench,3.7.1.v20120104-1859,"",1378440868577
executed,command,org.eclipse.ui,3.7.0.v20110928-1505,"org.eclipse.ui.edit.paste",1378440873577
started,bundle,org.eclipse.equinox.p2.updatesite,1.0.300.v20110815-1419,"org.eclipse.equinox.p2.updatesite",1378440897098
started,bundle,org.eclipse.equinox.p2.publisher.eclipse,1.0.0.v20110815-1438,"org.eclipse.equinox.p2.publisher.eclipse",1378440897393
activated,workbench,org.eclipse.ui.workbench,3.7.1.v20120104-1859,"",1378440910572
executed,command,org.eclipse.equinox.p2.ui.sdk,1.0.200.v20110815-1419,"org.eclipse.equinox.p2.ui.sdk.install",1378440910590
executed,command,org.eclipse.equinox.p2.ui.sdk,1.0.200.v20110815-1419,"org.eclipse.equinox.p2.ui.sdk.update",1378440912809
started,bundle,org.eclipse.equinox.p2.garbagecollector,1.0.200.v20110815-1419,"org.eclipse.equinox.p2.garbagecollector",1378440912862
deactivated,workbench,org.eclipse.ui.workbench,3.7.1.v20120104-1859,"",1378440913144
activated,workbench,org.eclipse.ui.workbench,3.7.1.v20120104-1859,"",1378440920416
opened,view,org.eclipse.ui.console,3.5.100.v20111007_r372,"org.eclipse.ui.console.ConsoleView",1378440920472
activated,view,org.eclipse.ui.console,3.5.100.v20111007_r372,"org.eclipse.ui.console.ConsoleView",1378440920803
activated,view,com.android.ide.eclipse.ddms,22.0.5.v201307292155--757759,"com.android.ide.eclipse.ddms.views.LogCatView",1378440922672
opened,view,org.eclipse.jdt.ui,3.7.2.v20120109-1427,"org.eclipse.jdt.ui.SourceView",1378440924576
activated,view,org.eclipse.jdt.ui,3.7.2.v20120109-1427,"org.eclipse.jdt.ui.SourceView",1378440924598
started,bundle,org.eclipse.equinox.frameworkadmin,2.0.0.v20110815-1438,"org.eclipse.equinox.frameworkadmin",1378440925140
started,bundle,org.eclipse.equinox.simpleconfigurator.manipulator,2.0.0.v20110815-1438,"org.eclipse.equinox.simpleconfigurator.manipulator",1378440925270
deactivated,workbench,org.eclipse.ui.workbench,3.7.1.v20120104-1859,"",1378440925456
started,bundle,org.eclipse.equinox.p2.touchpoint.natives,1.0.300.v20110815-1419,"org.eclipse.equinox.p2.touchpoint.natives",1378440926051
